"id","operadores","centro","jornada","tiempo","estado"
1,12,"B","Mañana",344,1
2,15,"A","Tarde",241,1
3,7,"C","Noche",187,1
4,7,"A","Tarde",279,1
5,11,"C","Mañana",954,1
6,7,"B","Mañana",455,1
7,10,"A","Tarde",486,1
8,9,"C","Mañana",407,0
9,14,"B","Tarde",504,1
10,7,"A","Tarde",663,1
11,12,"C","Tarde",225,1
12,10,"B","Mañana",845,1
13,6,"A","Tarde",273,1
14,12,"C","Mañana",137,1
15,5,"C","Tarde",274,1
16,8,"C","Mañana",126,0
17,15,"C","Noche",235,1
18,7,"A","Tarde",579,0
19,15,"C","Noche",426,1
20,9,"B","Mañana",397,1
21,6,"B","Noche",427,1
22,9,"C","Tarde",509,0
23,10,"B","Mañana",580,1
24,9,"A","Mañana",274,1
25,5,"B","Tarde",614,0
26,10,"C","Noche",899,1
27,15,"B","Noche",328,1
28,9,"B","Mañana",541,1
29,8,"C","Noche",296,1
30,5,"C","Mañana",115,1
31,12,"A","Tarde",352,1
32,10,"A","Mañana",454,1
33,15,"C","Noche",358,1
34,8,"B","Mañana",80,1
35,9,"B","Tarde",331,1
36,13,"C","Tarde",166,1
37,6,"C","Noche",137,1
38,14,"B","Noche",146,1
39,8,"C","Mañana",319,1
40,12,"A","Noche",304,1
41,14,"C","Mañana",370,1
42,6,"A","Tarde",475,1
43,14,"A","Mañana",128,1
44,15,"B","Mañana",168,1
45,10,"A","Mañana",133,1
46,15,"C","Mañana",294,1
47,15,"C","Mañana",94,1
48,14,"A","Tarde",62,1
49,10,"B","Noche",9,1
50,5,"A","Mañana",407,1
51,8,"C","Mañana",365,1
52,6,"A","Tarde",355,1
53,8,"C","Tarde",452,1
54,7,"B","Tarde",365,1
55,5,"A","Tarde",282,1
56,11,"B","Noche",79,1
57,11,"C","Noche",302,1
58,9,"A","Mañana",533,1
59,12,"B","Tarde",185,1
60,9,"A","Noche",348,1
61,12,"C","Tarde",156,1
62,8,"B","Tarde",419,1
63,14,"C","Mañana",230,1
64,5,"B","Tarde",626,1
65,12,"A","Tarde",69,1
66,5,"B","Tarde",957,1
67,8,"A","Noche",372,1
68,5,"C","Mañana",337,1
69,8,"C","Noche",163,0
70,8,"C","Mañana",574,1
71,6,"A","Noche",153,1
72,9,"A","Noche",326,1
73,15,"B","Tarde",342,1
74,14,"B","Tarde",322,1
75,6,"A","Tarde",439,0
76,9,"B","Noche",236,1
77,5,"B","Tarde",463,0
78,11,"B","Noche",185,1
79,15,"B","Mañana",457,1
80,5,"A","Noche",56,1
81,15,"B","Tarde",108,1
82,6,"A","Noche",577,1
83,5,"B","Tarde",441,1
84,7,"B","Mañana",485,1
85,11,"A","Noche",119,1
86,9,"A","Tarde",189,1
87,13,"C","Noche",180,1
88,7,"B","Tarde",248,1
89,8,"B","Mañana",407,0
90,12,"C","Noche",657,1
91,12,"C","Mañana",529,0
92,8,"C","Mañana",166,1
93,8,"B","Noche",451,0
94,13,"C","Noche",242,1
95,7,"A","Tarde",307,0
96,11,"A","Noche",337,1
97,11,"B","Mañana",282,1
98,7,"A","Mañana",119,1
99,13,"A","Mañana",332,1
100,14,"A","Noche",410,1
101,10,"A","Tarde",149,1
102,13,"B","Tarde",545,1
103,13,"B","Tarde",491,1
104,7,"C","Noche",246,1
105,7,"B","Mañana",246,1
106,13,"A","Mañana",214,1
107,8,"B","Tarde",258,1
108,13,"B","Tarde",306,1
109,9,"C","Tarde",277,1
110,11,"A","Tarde",173,1
111,13,"B","Mañana",202,1
112,6,"C","Tarde",249,1
113,13,"A","Mañana",258,0
114,5,"A","Noche",626,1
115,14,"A","Noche",155,1
116,15,"C","Noche",170,1
117,6,"A","Tarde",341,1
118,14,"C","Tarde",265,1
119,7,"B","Tarde",271,1
120,9,"B","Mañana",709,1
121,12,"B","Mañana",267,1
122,11,"C","Tarde",497,1
123,11,"B","Noche",260,1
124,14,"A","Tarde",337,1
125,6,"B","Noche",290,1
126,15,"B","Noche",246,1
127,12,"B","Noche",307,1
128,7,"A","Tarde",370,1
129,9,"B","Noche",389,1
130,12,"C","Tarde",449,1
131,7,"A","Tarde",136,0
132,9,"B","Tarde",225,1
133,11,"B","Noche",484,0
134,11,"C","Noche",270,1
135,8,"A","Noche",163,1
136,14,"B","Noche",694,1
137,11,"B","Mañana",213,1
138,9,"C","Mañana",334,1
139,14,"A","Noche",142,1
140,13,"A","Noche",176,1
141,12,"A","Mañana",247,1
142,8,"C","Mañana",79,1
143,10,"A","Tarde",243,1
144,8,"C","Noche",365,1
145,15,"A","Tarde",375,1
146,5,"C","Mañana",402,1
147,5,"C","Noche",67,0
148,10,"B","Mañana",379,1
149,6,"A","Noche",116,0
150,15,"B","Tarde",261,1
151,5,"A","Tarde",389,1
152,10,"B","Tarde",312,1
153,14,"B","Mañana",274,1
154,9,"C","Tarde",170,1
155,6,"C","Tarde",117,1
156,6,"A","Noche",261,1
157,12,"C","Mañana",529,1
158,14,"B","Mañana",409,0
159,14,"A","Tarde",151,1
160,7,"C","Noche",223,1
161,5,"C","Tarde",392,0
162,7,"B","Mañana",998,1
163,6,"B","Mañana",968,1
164,15,"C","Tarde",219,1
165,7,"B","Mañana",517,0
166,5,"B","Mañana",193,1
167,9,"A","Tarde",582,1
168,6,"A","Noche",65,1
169,5,"B","Noche",676,1
170,6,"A","Noche",486,1
171,12,"C","Tarde",351,1
172,8,"C","Tarde",490,1
173,14,"B","Tarde",564,1
174,8,"A","Mañana",380,1
175,12,"A","Tarde",318,1
176,5,"C","Noche",266,1
177,13,"C","Mañana",440,1
178,8,"A","Mañana",1000,1
179,5,"A","Mañana",527,1
180,8,"C","Tarde",534,1
181,15,"A","Tarde",104,1
182,15,"B","Tarde",128,1
183,14,"C","Mañana",537,1
184,6,"C","Tarde",391,1
185,14,"B","Tarde",507,1
186,15,"B","Tarde",87,1
187,15,"C","Tarde",406,1
188,5,"C","Mañana",228,1
189,12,"A","Mañana",380,1
190,5,"A","Noche",67,0
191,12,"A","Tarde",594,1
192,15,"B","Mañana",301,0
193,11,"A","Tarde",787,1
194,8,"A","Noche",215,1
195,13,"B","Tarde",147,1
196,6,"B","Tarde",68,0
197,8,"B","Noche",530,1
198,9,"A","Noche",147,1
199,9,"B","Mañana",576,1
200,8,"B","Noche",109,1
201,15,"C","Noche",496,1
202,6,"A","Mañana",417,1
203,14,"C","Mañana",369,1
204,6,"C","Tarde",268,1
205,10,"A","Mañana",681,0
206,5,"B","Tarde",400,1
207,8,"A","Tarde",162,1
208,10,"A","Tarde",200,1
209,9,"B","Mañana",1000,1
210,8,"C","Noche",318,1
211,10,"C","Mañana",735,1
212,8,"B","Mañana",666,1
213,6,"C","Noche",446,1
214,8,"C","Tarde",483,1
215,6,"C","Tarde",606,1
216,13,"B","Mañana",381,1
217,5,"C","Tarde",482,1
218,11,"B","Tarde",612,1
219,15,"C","Noche",591,1
220,9,"B","Tarde",828,1
221,5,"A","Mañana",264,1
222,11,"B","Noche",347,1
223,12,"C","Tarde",380,1
224,11,"A","Mañana",477,0
225,8,"A","Noche",176,1
226,13,"A","Tarde",379,1
227,13,"A","Tarde",516,1
228,13,"B","Noche",492,0
229,13,"A","Tarde",319,1
230,13,"B","Tarde",186,0
231,5,"C","Tarde",204,1
232,6,"C","Mañana",208,1
233,15,"C","Tarde",100,1
234,7,"B","Tarde",537,1
235,5,"A","Mañana",404,1
236,11,"A","Tarde",97,1
237,13,"C","Tarde",207,1
238,15,"B","Mañana",417,1
239,15,"A","Noche",235,1
240,5,"B","Tarde",278,1
241,6,"A","Mañana",407,1
242,10,"B","Noche",287,0
243,10,"C","Noche",238,1
244,10,"B","Mañana",376,1
245,5,"C","Mañana",968,1
246,8,"A","Noche",248,1
247,5,"C","Tarde",327,1
248,11,"A","Tarde",695,1
249,13,"A","Tarde",237,1
250,13,"C","Noche",320,1
251,5,"B","Tarde",126,1
252,12,"A","Mañana",398,1
253,12,"A","Tarde",537,1
254,15,"A","Noche",322,0
255,10,"A","Noche",132,1
256,8,"B","Mañana",412,1
257,9,"C","Mañana",324,1
258,12,"B","Tarde",289,1
259,8,"B","Noche",123,1
260,7,"C","Mañana",1000,1
261,11,"B","Mañana",223,1
262,11,"C","Mañana",295,1
263,11,"C","Noche",615,1
264,14,"B","Tarde",492,1
265,9,"B","Tarde",715,1
266,6,"C","Noche",165,1
267,6,"C","Mañana",175,1
268,14,"C","Tarde",165,1
269,9,"B","Noche",316,1
270,9,"C","Mañana",556,1
271,7,"C","Tarde",560,1
272,13,"A","Mañana",120,1
273,6,"A","Tarde",259,1
274,8,"C","Tarde",106,1
275,7,"B","Noche",209,1
276,11,"C","Mañana",324,1
277,5,"B","Tarde",505,1
278,8,"B","Noche",465,0
279,11,"A","Mañana",290,1
280,14,"C","Noche",425,1
281,9,"A","Tarde",280,0
282,12,"A","Tarde",557,1
283,8,"B","Noche",509,0
284,14,"B","Tarde",211,0
285,7,"A","Mañana",396,0
286,15,"B","Mañana",217,1
287,7,"A","Mañana",722,1
288,15,"C","Tarde",269,0
289,9,"A","Noche",261,1
290,5,"C","Noche",142,1
291,13,"B","Tarde",245,1
292,13,"C","Noche",252,1
293,5,"C","Mañana",599,1
294,9,"B","Mañana",155,1
295,6,"B","Mañana",613,0
296,9,"B","Mañana",290,1
297,14,"C","Mañana",208,0
298,6,"B","Noche",473,1
299,9,"B","Mañana",275,1
300,13,"A","Mañana",257,1
301,9,"C","Noche",184,1
302,5,"C","Tarde",192,1
303,13,"B","Tarde",239,1
304,11,"B","Noche",111,1
305,8,"C","Noche",122,1
306,7,"A","Noche",653,1
307,9,"C","Mañana",382,1
308,13,"A","Tarde",229,0
309,7,"A","Tarde",685,1
310,6,"A","Mañana",543,1
311,15,"A","Noche",235,1
312,14,"B","Tarde",308,1
313,11,"A","Tarde",114,1
314,14,"B","Noche",279,1
315,6,"C","Mañana",471,0
316,10,"A","Mañana",288,1
317,15,"A","Noche",484,1
318,9,"B","Tarde",800,1
319,6,"A","Noche",351,1
320,13,"B","Noche",298,1
321,11,"B","Mañana",305,1
322,10,"A","Noche",519,0
323,8,"C","Mañana",371,1
324,10,"B","Mañana",325,1
325,14,"A","Noche",279,1
326,13,"B","Mañana",429,1
327,7,"C","Mañana",88,1
328,5,"C","Mañana",603,1
329,5,"C","Tarde",244,1
330,5,"A","Noche",381,1
331,15,"B","Noche",422,0
332,14,"C","Noche",280,1
333,6,"B","Mañana",434,1
334,9,"A","Noche",243,1
335,15,"A","Noche",96,1
336,10,"A","Noche",634,0
337,6,"B","Tarde",107,1
338,11,"C","Mañana",666,1
339,5,"B","Tarde",626,1
340,15,"A","Noche",262,1
341,14,"B","Noche",371,1
342,10,"B","Mañana",163,1
343,9,"C","Noche",532,1
344,6,"A","Tarde",36,1
345,9,"C","Noche",188,1
346,14,"A","Noche",150,1
347,14,"C","Noche",225,1
348,11,"B","Mañana",179,1
349,7,"A","Mañana",654,1
350,12,"C","Tarde",240,1
351,12,"A","Noche",402,1
352,10,"C","Mañana",149,1
353,15,"B","Noche",407,0
354,8,"C","Mañana",264,1
355,10,"A","Noche",471,1
356,7,"B","Tarde",688,1
357,8,"A","Noche",178,1
358,14,"A","Tarde",119,0
359,12,"A","Mañana",157,1
360,14,"B","Mañana",514,1
361,15,"A","Noche",99,1
362,12,"A","Noche",59,1
363,5,"A","Noche",169,1
364,7,"B","Mañana",212,0
365,10,"A","Tarde",536,1
366,13,"C","Mañana",527,1
367,12,"C","Noche",401,1
368,12,"A","Noche",357,1
369,12,"B","Tarde",143,1
370,12,"B","Tarde",503,1
371,6,"A","Mañana",148,1
372,10,"B","Noche",676,1
373,15,"C","Mañana",168,1
374,8,"C","Mañana",587,0
375,8,"B","Mañana",293,1
376,12,"C","Tarde",346,1
377,11,"A","Mañana",443,1
378,7,"C","Tarde",336,0
379,8,"C","Noche",370,1
380,6,"B","Tarde",284,1
381,12,"A","Noche",511,1
382,9,"A","Noche",497,1
383,7,"C","Tarde",95,1
384,8,"C","Noche",50,1
385,11,"B","Noche",558,1
386,9,"B","Tarde",448,1
387,12,"C","Noche",268,1
388,11,"C","Noche",241,1
389,7,"C","Noche",320,1
390,15,"C","Mañana",419,1
391,13,"C","Tarde",202,1
392,5,"C","Mañana",410,1
393,8,"A","Noche",58,0
394,5,"A","Tarde",660,1
395,15,"C","Noche",141,1
396,10,"C","Mañana",368,1
397,8,"A","Mañana",358,1
398,9,"C","Mañana",535,1
399,10,"C","Mañana",345,1
400,5,"C","Mañana",279,1
401,15,"B","Tarde",323,1
402,7,"B","Mañana",579,1
403,8,"B","Noche",609,1
404,10,"B","Tarde",435,0
405,14,"B","Mañana",620,1
406,14,"B","Tarde",234,1
407,8,"C","Mañana",182,1
408,10,"A","Tarde",495,1
409,6,"A","Mañana",334,0
410,10,"A","Noche",99,1
411,13,"A","Noche",461,1
412,5,"B","Tarde",252,1
413,9,"C","Mañana",75,1
414,11,"B","Mañana",634,1
415,11,"A","Tarde",459,1
416,9,"B","Mañana",227,1
417,9,"B","Noche",184,1
418,12,"B","Mañana",145,1
419,6,"A","Mañana",188,1
420,8,"A","Noche",386,0
421,12,"B","Noche",499,1
422,13,"A","Mañana",164,1
423,6,"B","Tarde",527,1
424,12,"C","Noche",88,1
425,5,"A","Tarde",622,1
426,13,"C","Mañana",594,1
427,11,"A","Noche",158,1
428,15,"A","Noche",58,1
429,14,"C","Tarde",290,1
430,8,"B","Noche",470,1
431,13,"A","Tarde",462,1
432,8,"C","Mañana",311,1
433,5,"A","Noche",393,1
434,8,"A","Mañana",727,1
435,5,"B","Noche",579,1
436,11,"B","Noche",438,1
437,12,"A","Noche",129,1
438,7,"C","Noche",278,1
439,15,"A","Tarde",677,1
440,10,"B","Noche",248,1
441,13,"B","Mañana",468,1
442,13,"B","Noche",319,1
443,8,"C","Noche",435,1
444,8,"C","Tarde",339,1
445,14,"A","Noche",400,1
446,7,"C","Mañana",432,1
447,13,"C","Mañana",208,1
448,15,"A","Mañana",352,1
449,10,"A","Tarde",361,1
450,8,"B","Tarde",364,1
451,15,"A","Noche",198,0
452,5,"B","Noche",152,1
453,8,"A","Noche",217,1
454,14,"B","Noche",125,1
455,11,"C","Noche",116,1
456,12,"C","Noche",414,1
457,15,"C","Noche",465,1
458,6,"C","Tarde",652,1
459,9,"B","Noche",61,1
460,10,"A","Mañana",462,1
461,12,"C","Tarde",286,1
462,14,"C","Noche",507,1
463,14,"B","Noche",188,1
464,9,"B","Noche",329,1
465,14,"A","Tarde",233,1
466,8,"C","Noche",84,1
467,10,"A","Mañana",829,1
468,15,"B","Mañana",249,1
469,7,"A","Tarde",281,1
470,5,"A","Noche",162,1
471,9,"A","Tarde",223,1
472,9,"C","Mañana",221,1
473,14,"C","Mañana",81,1
474,14,"B","Tarde",209,1
475,7,"C","Noche",569,1
476,10,"C","Noche",485,1
477,9,"A","Mañana",272,1
478,13,"C","Noche",334,1
479,6,"C","Tarde",462,0
480,10,"C","Tarde",449,1
481,10,"A","Mañana",350,1
482,12,"B","Noche",293,1
483,7,"B","Mañana",431,1
484,12,"C","Tarde",572,1
485,11,"A","Noche",419,1
486,8,"B","Mañana",727,1
487,9,"B","Tarde",474,1
488,6,"A","Mañana",527,1
489,5,"C","Mañana",300,1
490,9,"A","Tarde",488,0
491,6,"B","Mañana",214,1
492,7,"B","Tarde",419,1
493,15,"C","Mañana",512,1
494,12,"A","Mañana",510,1
495,9,"C","Tarde",344,1
496,11,"C","Tarde",313,1
497,9,"A","Tarde",405,1
498,9,"C","Noche",305,1
499,14,"A","Tarde",381,1
500,6,"B","Tarde",327,1
501,8,"C","Noche",252,0
502,13,"B","Tarde",565,1
503,6,"C","Tarde",146,1
504,7,"B","Tarde",202,1
505,8,"A","Mañana",166,0
506,5,"B","Tarde",390,1
507,7,"B","Noche",509,1
508,10,"C","Tarde",156,1
509,14,"C","Tarde",345,1
510,14,"A","Mañana",608,1
511,15,"B","Mañana",308,1
512,14,"C","Noche",271,1
513,5,"A","Noche",129,1
514,9,"C","Tarde",102,1
515,13,"C","Mañana",58,1
516,11,"B","Tarde",427,1
517,8,"B","Mañana",179,1
518,15,"B","Noche",103,1
519,9,"A","Mañana",200,1
520,13,"A","Tarde",246,1
521,9,"C","Tarde",465,1
522,11,"A","Tarde",144,0
523,15,"B","Tarde",220,1
524,14,"A","Tarde",167,1
525,6,"A","Mañana",348,0
526,14,"C","Tarde",254,1
527,14,"A","Tarde",524,1
528,10,"B","Tarde",24,1
529,15,"B","Tarde",21,1
530,13,"A","Tarde",294,0
531,12,"A","Tarde",470,1
532,6,"C","Tarde",347,1
533,6,"B","Tarde",71,1
534,11,"A","Mañana",250,1
535,12,"A","Noche",554,1
536,5,"A","Mañana",34,1
537,13,"B","Mañana",591,1
538,15,"B","Mañana",336,1
539,10,"B","Mañana",322,1
540,12,"C","Noche",357,1
541,9,"B","Mañana",290,1
542,14,"B","Mañana",389,1
543,9,"C","Mañana",652,1
544,8,"A","Tarde",234,1
545,13,"A","Tarde",403,1
546,15,"C","Noche",491,1
547,6,"B","Tarde",169,1
548,8,"C","Noche",464,1
549,11,"B","Mañana",335,1
550,10,"B","Mañana",383,1
551,5,"A","Tarde",590,1
552,12,"C","Tarde",523,1
553,13,"C","Noche",559,1
554,7,"C","Mañana",750,1
555,15,"C","Tarde",350,1
556,8,"B","Mañana",496,1
557,6,"B","Noche",412,1
558,8,"B","Tarde",218,1
559,15,"B","Tarde",631,0
560,11,"B","Mañana",208,1
561,9,"B","Mañana",158,1
562,10,"B","Mañana",407,1
563,13,"B","Tarde",471,1
564,8,"A","Tarde",204,1
565,14,"B","Noche",255,1
566,6,"C","Noche",92,1
567,7,"C","Tarde",456,1
568,14,"C","Noche",455,1
569,7,"B","Tarde",489,1
570,9,"A","Mañana",705,1
571,13,"A","Tarde",726,1
572,10,"A","Noche",554,0
573,15,"C","Tarde",339,1
574,13,"C","Noche",308,1
575,5,"A","Tarde",671,1
576,10,"B","Tarde",289,1
577,8,"C","Noche",407,1
578,10,"B","Noche",330,1
579,11,"C","Tarde",387,1
580,12,"C","Mañana",234,0
581,6,"C","Mañana",316,1
582,12,"C","Noche",273,1
583,11,"C","Mañana",543,1
584,9,"A","Tarde",276,1
585,6,"A","Tarde",402,1
586,13,"C","Noche",187,1
587,14,"A","Noche",482,1
588,8,"B","Mañana",595,0
589,5,"A","Noche",119,1
590,15,"C","Tarde",287,1
591,12,"B","Mañana",963,1
592,12,"C","Tarde",13,1
593,13,"B","Tarde",473,1
594,10,"C","Noche",485,1
595,10,"B","Noche",344,0
596,7,"C","Tarde",152,1
597,12,"C","Noche",297,1
598,12,"A","Mañana",191,1
599,10,"B","Tarde",565,1
600,8,"B","Tarde",547,1
601,11,"B","Tarde",425,1
602,12,"A","Tarde",514,1
603,15,"A","Mañana",362,1
604,13,"B","Tarde",45,1
605,14,"B","Noche",239,1
606,13,"A","Mañana",274,1
607,6,"B","Mañana",518,1
608,9,"A","Tarde",425,0
609,7,"B","Noche",140,0
610,13,"A","Mañana",439,1
611,11,"A","Tarde",38,1
612,10,"B","Noche",338,1
613,11,"B","Tarde",325,1
614,11,"A","Noche",168,1
615,7,"B","Tarde",137,1
616,7,"A","Noche",546,1
617,11,"A","Mañana",473,1
618,11,"C","Noche",455,1
619,6,"B","Tarde",286,1
620,11,"A","Tarde",385,1
621,14,"B","Noche",489,0
622,6,"C","Tarde",248,1
623,13,"C","Mañana",111,1
624,12,"B","Noche",166,1
625,15,"A","Tarde",200,1
626,8,"B","Tarde",331,1
627,10,"B","Mañana",222,1
628,13,"C","Noche",427,1
629,5,"C","Noche",137,1
630,14,"A","Tarde",302,1
631,8,"C","Mañana",353,1
632,9,"A","Mañana",840,1
633,15,"B","Noche",237,1
634,14,"B","Mañana",387,1
635,12,"A","Noche",164,1
636,11,"B","Noche",250,1
637,15,"B","Noche",419,1
638,7,"A","Noche",333,1
639,15,"C","Mañana",472,1
640,9,"A","Mañana",539,1
641,5,"A","Mañana",34,1
642,14,"A","Tarde",164,1
643,11,"C","Tarde",212,1
644,5,"B","Mañana",570,0
645,5,"B","Mañana",356,1
646,5,"B","Tarde",182,1
647,8,"A","Mañana",395,1
648,7,"B","Tarde",1000,1
649,8,"B","Mañana",556,1
650,9,"C","Noche",148,1
651,15,"C","Noche",470,1
652,6,"C","Noche",455,1
653,6,"B","Tarde",334,1
654,10,"C","Noche",512,1
655,10,"A","Tarde",176,0
656,7,"A","Noche",416,1
657,13,"A","Noche",249,1
658,10,"B","Tarde",205,1
659,10,"B","Mañana",556,0
660,8,"C","Mañana",252,1
661,8,"C","Mañana",277,1
662,5,"A","Tarde",238,0
663,15,"C","Mañana",185,1
664,8,"C","Mañana",249,1
665,13,"C","Noche",245,1
666,8,"A","Tarde",172,0
667,14,"B","Tarde",297,1
668,14,"B","Tarde",255,1
669,8,"A","Mañana",535,1
670,9,"B","Noche",549,1
671,5,"A","Noche",448,1
672,11,"C","Noche",317,1
673,13,"C","Noche",146,1
674,13,"C","Noche",148,1
675,9,"C","Tarde",470,0
676,8,"A","Noche",130,1
677,9,"A","Tarde",416,1
678,6,"B","Mañana",195,0
679,7,"B","Mañana",496,1
680,11,"A","Noche",241,1
681,11,"C","Noche",250,1
682,13,"A","Tarde",236,1
683,8,"A","Mañana",772,1
684,8,"A","Mañana",362,1
685,12,"A","Noche",420,1
686,15,"A","Noche",399,1
687,11,"B","Tarde",204,1
688,6,"C","Noche",567,1
689,14,"B","Tarde",432,1
690,7,"A","Noche",406,1
691,11,"C","Tarde",588,1
692,6,"A","Tarde",551,0
693,9,"B","Tarde",168,1
694,11,"C","Mañana",536,0
695,12,"A","Tarde",567,1
696,14,"A","Tarde",451,1
697,9,"C","Noche",321,1
698,11,"A","Noche",50,1
699,6,"C","Noche",226,0
700,11,"B","Mañana",585,1
701,11,"B","Tarde",218,1
702,10,"C","Mañana",261,1
703,12,"C","Noche",248,1
704,7,"B","Mañana",619,1
705,8,"B","Noche",931,1
706,8,"A","Mañana",290,1
707,15,"B","Mañana",139,1
708,14,"B","Noche",452,1
709,15,"A","Mañana",236,1
710,11,"C","Tarde",213,1
711,15,"B","Noche",111,1
712,11,"A","Tarde",80,1
713,7,"A","Tarde",490,0
714,12,"C","Mañana",24,0
715,14,"B","Mañana",493,0
716,12,"B","Noche",342,1
717,10,"C","Mañana",209,0
718,13,"C","Tarde",446,1
719,13,"A","Mañana",621,1
720,15,"C","Noche",29,1
721,8,"A","Mañana",33,1
722,5,"A","Mañana",629,1
723,14,"A","Tarde",248,1
724,9,"A","Mañana",298,1
725,9,"C","Tarde",401,1
726,15,"C","Mañana",226,1
727,7,"C","Tarde",292,1
728,13,"B","Tarde",178,1
729,11,"A","Noche",185,1
730,14,"B","Mañana",559,1
731,9,"C","Tarde",252,1
732,8,"C","Mañana",390,1
733,10,"A","Tarde",221,1
734,7,"B","Mañana",707,1
735,8,"A","Mañana",375,1
736,8,"C","Mañana",319,1
737,9,"B","Noche",269,1
738,15,"A","Tarde",318,1
739,5,"B","Tarde",243,1
740,10,"C","Tarde",167,1
741,10,"A","Mañana",231,1
742,5,"A","Noche",263,1
743,5,"C","Tarde",369,1
744,9,"B","Tarde",478,1
745,10,"A","Tarde",209,1
746,14,"C","Noche",450,1
747,14,"B","Tarde",241,1
748,10,"B","Tarde",466,1
749,11,"C","Noche",76,1
750,10,"B","Tarde",134,1
751,5,"A","Noche",212,1
752,7,"B","Mañana",165,1
753,11,"C","Mañana",569,1
754,7,"A","Tarde",260,1
755,12,"B","Noche",236,1
756,12,"C","Noche",480,1
757,13,"A","Mañana",565,1
758,7,"C","Tarde",514,1
759,14,"A","Noche",267,1
760,9,"C","Noche",156,1
761,11,"C","Noche",238,0
762,11,"C","Tarde",125,1
763,6,"A","Tarde",150,1
764,9,"B","Noche",431,1
765,12,"A","Mañana",123,1
766,5,"C","Mañana",356,1
767,14,"A","Tarde",45,1
768,6,"C","Tarde",536,1
769,12,"B","Tarde",614,1
770,10,"A","Mañana",299,1
771,14,"C","Noche",124,1
772,11,"B","Mañana",348,1
773,12,"C","Noche",526,0
774,6,"A","Mañana",282,1
775,11,"C","Mañana",262,1
776,7,"C","Tarde",85,0
777,10,"A","Mañana",282,1
778,7,"C","Mañana",482,1
779,9,"A","Tarde",606,1
780,7,"B","Tarde",848,1
781,9,"B","Noche",207,1
782,8,"B","Tarde",225,1
783,11,"C","Tarde",515,0
784,12,"B","Noche",316,0
785,5,"A","Tarde",631,1
786,5,"A","Noche",680,0
787,10,"B","Tarde",455,1
788,10,"C","Tarde",153,1
789,11,"C","Mañana",245,0
790,6,"B","Tarde",364,1
791,5,"A","Tarde",584,1
792,11,"C","Mañana",319,1
793,7,"C","Tarde",372,1
794,11,"A","Noche",122,1
795,15,"C","Mañana",316,1
796,14,"B","Noche",322,1
797,12,"B","Noche",305,1
798,11,"C","Tarde",231,1
799,15,"C","Mañana",538,0
800,15,"C","Noche",444,1
801,9,"C","Noche",271,1
802,14,"A","Mañana",135,1
803,14,"A","Mañana",346,1
804,7,"A","Noche",219,1
805,5,"B","Tarde",119,1
806,15,"C","Mañana",129,1
807,7,"B","Noche",121,1
808,15,"B","Mañana",610,1
809,9,"B","Noche",577,1
810,14,"A","Mañana",253,0
811,7,"C","Noche",55,1
812,8,"B","Mañana",110,1
813,12,"B","Mañana",63,1
814,8,"C","Mañana",513,1
815,7,"B","Noche",520,1
816,7,"A","Tarde",155,1
817,13,"C","Mañana",372,0
818,9,"C","Tarde",253,1
819,6,"A","Tarde",375,0
820,15,"B","Mañana",113,1
821,10,"B","Noche",524,1
822,14,"A","Mañana",227,0
823,9,"A","Tarde",180,1
824,13,"A","Mañana",228,0
825,8,"A","Noche",148,1
826,15,"A","Tarde",582,1
827,9,"B","Tarde",260,1
828,10,"A","Mañana",378,1
829,7,"C","Tarde",389,1
830,12,"B","Noche",233,1
831,15,"C","Mañana",491,1
832,12,"A","Tarde",265,1
833,6,"A","Tarde",209,1
834,12,"B","Mañana",355,1
835,6,"B","Noche",568,1
836,11,"B","Tarde",468,1
837,9,"B","Noche",178,1
838,6,"B","Tarde",640,1
839,12,"C","Noche",147,0
840,7,"B","Tarde",259,1
841,10,"A","Noche",206,1
842,5,"C","Mañana",421,1
843,8,"B","Noche",312,0
844,7,"C","Mañana",261,1
845,6,"C","Noche",344,1
846,6,"A","Noche",293,1
847,9,"B","Mañana",426,0
848,8,"C","Tarde",666,1
849,14,"C","Noche",227,1
850,12,"C","Mañana",379,1
851,13,"A","Tarde",155,1
852,8,"B","Noche",160,1
853,10,"C","Tarde",272,1
854,14,"A","Noche",341,0
855,6,"B","Noche",462,1
856,10,"B","Noche",296,1
857,8,"B","Mañana",183,1
858,6,"C","Noche",456,1
859,5,"A","Noche",97,1
860,6,"B","Mañana",533,1
861,7,"C","Tarde",159,1
862,10,"C","Noche",324,1
863,12,"B","Mañana",53,1
864,14,"A","Mañana",284,1
865,11,"A","Mañana",764,1
866,15,"C","Noche",422,1
867,10,"A","Tarde",85,1
868,10,"A","Mañana",343,1
869,12,"A","Mañana",148,1
870,8,"C","Noche",265,0
871,9,"A","Noche",200,1
872,15,"B","Noche",172,1
873,14,"C","Mañana",286,0
874,6,"B","Tarde",169,1
875,5,"B","Noche",423,0
876,8,"B","Mañana",416,1
877,7,"C","Mañana",1000,1
878,7,"B","Mañana",425,1
879,7,"B","Mañana",937,1
880,9,"B","Mañana",369,1
881,7,"B","Tarde",62,0
882,13,"A","Noche",50,1
883,5,"B","Tarde",619,1
884,14,"C","Noche",192,0
885,12,"A","Tarde",218,1
886,11,"B","Tarde",242,1
887,8,"C","Tarde",725,1
888,14,"B","Tarde",458,0
889,11,"B","Mañana",347,1
890,5,"C","Noche",223,0
891,6,"B","Noche",50,1
892,6,"A","Tarde",618,1
893,11,"B","Noche",517,0
894,7,"A","Tarde",398,1
895,8,"B","Tarde",247,1
896,5,"B","Noche",216,1
897,8,"C","Mañana",338,1
898,11,"A","Mañana",191,1
899,5,"C","Tarde",366,0
900,11,"C","Mañana",318,1
901,15,"B","Mañana",586,1
902,15,"A","Mañana",386,1
903,15,"A","Tarde",161,1
904,9,"B","Mañana",254,1
905,12,"B","Noche",410,1
906,6,"A","Noche",28,1
907,9,"A","Tarde",276,1
908,5,"A","Noche",374,1
909,12,"C","Tarde",197,1
910,11,"B","Noche",226,1
911,15,"A","Noche",61,1
912,6,"A","Mañana",459,0
913,15,"B","Noche",448,1
914,9,"B","Mañana",365,1
915,5,"A","Tarde",134,1
916,9,"C","Noche",273,0
917,6,"B","Noche",234,0
918,11,"A","Tarde",208,1
919,15,"C","Tarde",128,1
920,11,"A","Tarde",43,1
921,13,"C","Noche",440,1
922,6,"A","Noche",363,1
923,9,"C","Tarde",436,1
924,5,"A","Noche",346,1
925,10,"C","Noche",476,1
926,6,"B","Noche",556,1
927,14,"C","Mañana",181,1
928,7,"B","Mañana",957,1
929,5,"B","Noche",236,1
930,10,"C","Mañana",314,1
931,13,"B","Noche",292,1
932,15,"C","Noche",399,1
933,5,"A","Mañana",541,0
934,14,"A","Mañana",585,1
935,5,"A","Mañana",486,1
936,9,"C","Noche",447,1
937,13,"C","Tarde",210,1
938,9,"B","Tarde",426,1
939,7,"B","Tarde",539,1
940,8,"A","Tarde",272,1
941,15,"B","Noche",204,1
942,15,"C","Noche",385,1
943,9,"C","Noche",334,1
944,5,"C","Noche",298,1
945,11,"C","Mañana",246,1
946,8,"C","Noche",522,1
947,5,"A","Tarde",335,1
948,6,"B","Tarde",520,1
949,12,"A","Tarde",229,1
950,8,"C","Noche",155,1
951,5,"A","Tarde",385,1
952,9,"A","Tarde",80,1
953,5,"B","Mañana",393,1
954,8,"B","Noche",385,1
955,14,"B","Tarde",471,1
956,8,"C","Tarde",332,1
957,11,"B","Noche",233,1
958,6,"A","Mañana",391,1
959,10,"B","Mañana",496,1
960,13,"C","Noche",146,1
961,14,"A","Tarde",284,1
962,10,"B","Noche",211,1
963,6,"C","Tarde",214,1
964,13,"C","Noche",129,1
965,5,"C","Noche",430,1
966,7,"C","Noche",215,1
967,5,"C","Mañana",253,1
968,5,"B","Mañana",429,1
969,6,"C","Tarde",343,1
970,15,"B","Tarde",339,0
971,14,"B","Noche",110,0
972,15,"C","Mañana",388,1
973,5,"C","Mañana",285,1
974,9,"B","Noche",118,1
975,15,"A","Noche",581,1
976,6,"A","Tarde",140,1
977,7,"B","Mañana",431,1
978,6,"A","Tarde",227,1
979,15,"A","Mañana",387,0
980,10,"B","Tarde",607,1
981,7,"A","Tarde",535,0
982,15,"B","Tarde",109,0
983,9,"C","Noche",295,1
984,12,"B","Noche",471,1
985,14,"B","Tarde",115,1
986,7,"C","Noche",695,1
987,7,"C","Mañana",227,1
988,13,"C","Noche",48,0
989,15,"B","Tarde",264,1
990,14,"C","Noche",420,1
991,5,"C","Noche",412,1
992,15,"C","Mañana",126,1
993,12,"A","Noche",235,1
994,15,"A","Tarde",196,1
995,13,"B","Mañana",346,1
996,8,"A","Tarde",103,0
997,5,"B","Mañana",362,1
998,9,"C","Tarde",127,1
999,13,"A","Mañana",173,1
1000,13,"A","Tarde",246,0
1001,6,"B","Tarde",99,1
1002,10,"A","Tarde",253,1
1003,11,"A","Noche",143,0
1004,5,"B","Mañana",368,1
1005,7,"B","Tarde",242,1
1006,10,"C","Tarde",154,1
1007,7,"C","Mañana",394,1
1008,14,"C","Tarde",430,1
1009,10,"A","Mañana",33,0
1010,10,"B","Noche",308,1
1011,11,"A","Mañana",93,1
1012,10,"C","Mañana",67,0
1013,8,"C","Tarde",559,1
1014,9,"A","Noche",205,1
1015,5,"C","Mañana",194,1
1016,8,"C","Tarde",210,0
1017,9,"C","Tarde",254,1
1018,5,"B","Mañana",589,1
1019,14,"B","Mañana",174,1
1020,5,"B","Tarde",227,1
1021,7,"A","Tarde",466,1
1022,7,"A","Mañana",457,1
1023,6,"B","Noche",340,1
1024,10,"B","Tarde",403,1
1025,8,"C","Tarde",152,1
1026,11,"C","Noche",183,1
1027,6,"C","Noche",389,0
1028,8,"A","Mañana",454,1
1029,8,"C","Mañana",395,1
1030,6,"C","Mañana",347,1
1031,9,"C","Mañana",316,1
1032,5,"A","Tarde",340,1
1033,7,"B","Mañana",866,1
1034,12,"B","Mañana",301,0
1035,13,"C","Mañana",369,1
1036,12,"B","Noche",315,0
1037,13,"A","Noche",127,1
1038,10,"B","Mañana",436,1
1039,14,"B","Mañana",213,1
1040,10,"B","Mañana",510,1
1041,5,"A","Noche",247,1
1042,10,"A","Mañana",412,1
1043,7,"C","Noche",105,1
1044,11,"A","Mañana",659,1
1045,12,"C","Mañana",198,1
1046,10,"B","Mañana",415,1
1047,11,"A","Noche",132,0
1048,11,"A","Noche",489,1
1049,5,"B","Noche",357,1
1050,9,"C","Noche",589,1
1051,9,"A","Noche",373,1
1052,11,"B","Mañana",288,1
1053,12,"C","Mañana",367,1
1054,12,"A","Noche",311,0
1055,10,"C","Mañana",642,1
1056,13,"A","Tarde",376,1
1057,15,"A","Tarde",172,1
1058,12,"B","Tarde",751,1
1059,12,"A","Tarde",395,0
1060,12,"C","Tarde",335,0
1061,5,"B","Tarde",220,1
1062,10,"A","Mañana",346,1
1063,14,"A","Mañana",405,1
1064,8,"B","Noche",215,1
1065,6,"C","Tarde",410,1
1066,7,"A","Noche",259,1
1067,7,"A","Mañana",399,1
1068,14,"C","Noche",71,1
1069,7,"A","Mañana",80,1
1070,6,"A","Mañana",808,1
1071,7,"B","Mañana",612,1
1072,6,"C","Noche",188,1
1073,12,"C","Mañana",431,0
1074,6,"C","Mañana",623,1
1075,10,"C","Noche",210,1
1076,6,"A","Noche",99,1
1077,11,"C","Mañana",174,0
1078,15,"B","Mañana",295,1
1079,8,"C","Mañana",190,0
1080,6,"A","Mañana",158,0
1081,8,"C","Tarde",195,1
1082,15,"B","Tarde",704,1
1083,9,"C","Tarde",276,1
1084,15,"A","Tarde",258,1
1085,14,"A","Mañana",242,1
1086,8,"B","Mañana",297,1
1087,12,"A","Noche",401,1
1088,8,"C","Mañana",293,1
1089,7,"A","Mañana",386,1
1090,13,"C","Mañana",198,1
1091,10,"C","Noche",262,1
1092,7,"C","Mañana",643,1
1093,5,"B","Tarde",480,1
1094,7,"C","Noche",450,1
1095,13,"C","Mañana",206,0
1096,7,"B","Tarde",526,1
1097,5,"C","Mañana",582,1
1098,14,"A","Noche",108,1
1099,12,"C","Tarde",152,0
1100,7,"C","Noche",273,1
1101,14,"C","Tarde",257,1
1102,8,"C","Mañana",80,1
1103,8,"B","Noche",230,0
1104,8,"C","Tarde",318,1
1105,13,"A","Noche",296,1
1106,8,"C","Tarde",289,1
1107,9,"A","Tarde",350,1
1108,10,"B","Tarde",821,1
1109,14,"C","Noche",197,1
1110,10,"C","Noche",365,1
1111,15,"B","Mañana",195,1
1112,14,"B","Mañana",14,1
1113,15,"B","Tarde",542,1
1114,7,"C","Tarde",174,1
1115,10,"A","Noche",202,1
1116,7,"A","Noche",166,1
1117,15,"B","Noche",126,1
1118,13,"C","Mañana",207,1
1119,7,"C","Mañana",282,1
1120,9,"B","Tarde",58,1
1121,15,"A","Noche",307,0
1122,5,"B","Mañana",414,0
1123,15,"C","Tarde",444,1
1124,14,"A","Mañana",618,1
1125,5,"B","Noche",367,1
1126,11,"A","Noche",356,1
1127,8,"B","Mañana",304,1
1128,9,"C","Tarde",394,1
1129,15,"A","Noche",361,1
1130,15,"B","Tarde",461,1
1131,9,"C","Tarde",570,1
1132,10,"C","Mañana",72,1
1133,15,"C","Mañana",283,1
1134,11,"B","Mañana",620,1
1135,9,"C","Mañana",160,1
1136,9,"B","Tarde",366,1
1137,6,"A","Noche",580,1
1138,5,"A","Mañana",463,1
1139,8,"B","Tarde",229,1
1140,12,"B","Noche",584,1
1141,11,"C","Noche",248,1
1142,15,"B","Noche",208,1
1143,11,"C","Noche",86,1
1144,5,"C","Noche",509,1
1145,5,"A","Mañana",521,1
1146,15,"B","Tarde",295,1
1147,15,"C","Tarde",593,1
1148,11,"C","Tarde",322,1
1149,12,"B","Mañana",273,1
1150,9,"C","Mañana",203,1
1151,13,"B","Noche",560,1
1152,10,"B","Noche",706,1
1153,11,"A","Noche",252,1
1154,13,"C","Tarde",167,1
1155,9,"A","Mañana",589,1
1156,7,"B","Mañana",340,1
1157,8,"A","Mañana",432,1
1158,14,"C","Tarde",154,1
1159,9,"C","Noche",287,0
1160,11,"B","Mañana",420,1
1161,15,"C","Mañana",208,1
1162,9,"B","Mañana",669,1
1163,7,"A","Tarde",708,1
1164,5,"A","Noche",663,1
1165,5,"C","Tarde",396,1
1166,5,"A","Noche",340,1
1167,6,"C","Mañana",243,1
1168,9,"A","Noche",338,1
1169,15,"C","Mañana",264,1
1170,8,"B","Mañana",443,1
1171,14,"C","Tarde",161,1
1172,11,"A","Noche",98,0
1173,7,"B","Mañana",303,1
1174,10,"A","Tarde",147,1
1175,10,"C","Mañana",141,1
1176,14,"C","Tarde",223,1
1177,12,"B","Noche",464,0
1178,11,"A","Tarde",415,1
1179,10,"B","Noche",272,1
1180,14,"C","Tarde",47,1
1181,6,"C","Mañana",290,0
1182,12,"C","Tarde",211,1
1183,10,"A","Mañana",212,1
1184,10,"C","Noche",265,1
1185,9,"A","Tarde",432,0
1186,11,"A","Noche",100,1
1187,15,"B","Tarde",644,1
1188,15,"C","Noche",130,1
1189,12,"B","Noche",322,1
1190,13,"B","Noche",760,1
1191,6,"B","Mañana",697,1
1192,13,"C","Mañana",396,1
1193,8,"A","Mañana",304,1
1194,10,"C","Tarde",284,1
1195,14,"B","Mañana",315,1
1196,13,"B","Tarde",630,1
1197,5,"B","Mañana",483,1
1198,11,"C","Mañana",537,1
1199,15,"C","Noche",54,1
1200,12,"C","Mañana",580,1
1201,9,"C","Mañana",41,1
1202,8,"C","Tarde",386,1
1203,9,"A","Mañana",363,1
1204,15,"A","Mañana",240,1
1205,14,"C","Mañana",660,1
1206,8,"B","Tarde",638,1
1207,12,"A","Tarde",328,0
1208,8,"C","Noche",183,0
1209,5,"B","Noche",720,1
1210,9,"C","Mañana",210,1
1211,8,"A","Noche",183,1
1212,9,"A","Mañana",61,1
1213,6,"A","Mañana",222,1
1214,11,"A","Tarde",237,1
1215,6,"C","Mañana",770,0
1216,7,"A","Mañana",224,1
1217,10,"B","Tarde",114,1
1218,14,"C","Mañana",401,1
1219,12,"C","Tarde",300,1
1220,7,"A","Mañana",397,1
1221,14,"A","Noche",348,1
1222,11,"B","Tarde",317,1
1223,11,"B","Noche",453,1
1224,8,"C","Noche",339,1
1225,5,"A","Mañana",852,0
1226,15,"C","Tarde",220,1
1227,12,"A","Tarde",465,0
1228,9,"B","Noche",157,1
1229,10,"B","Mañana",395,1
1230,12,"C","Noche",134,1
1231,10,"A","Noche",261,1
1232,8,"B","Mañana",154,1
1233,6,"A","Mañana",298,0
1234,6,"C","Tarde",88,1
1235,5,"C","Noche",265,1
1236,9,"B","Noche",416,1
1237,14,"C","Noche",56,1
1238,15,"B","Tarde",148,1
1239,8,"B","Mañana",613,1
1240,7,"A","Mañana",271,1
1241,15,"A","Mañana",214,1
1242,5,"B","Mañana",528,1
1243,8,"B","Mañana",315,1
1244,14,"A","Mañana",443,1
1245,9,"B","Mañana",300,1
1246,5,"A","Noche",179,1
1247,10,"C","Noche",119,1
1248,7,"A","Noche",527,1
1249,9,"B","Noche",327,1
1250,8,"A","Tarde",552,1
1251,5,"B","Tarde",373,0
1252,15,"A","Tarde",467,1
1253,6,"A","Tarde",166,1
1254,14,"B","Mañana",401,1
1255,8,"A","Noche",520,1
1256,13,"A","Noche",199,1
1257,13,"B","Noche",370,1
1258,9,"A","Noche",350,1
1259,7,"A","Noche",130,1
1260,6,"C","Mañana",270,1
1261,6,"A","Noche",103,1
1262,6,"A","Tarde",750,1
1263,6,"A","Noche",166,1
1264,8,"A","Mañana",503,1
1265,15,"A","Tarde",165,0
1266,15,"A","Noche",32,1
1267,12,"C","Mañana",124,1
1268,13,"C","Noche",104,1
1269,8,"B","Noche",409,0
1270,6,"C","Mañana",442,0
1271,5,"A","Noche",592,1
1272,12,"C","Tarde",230,0
1273,13,"A","Noche",273,1
1274,15,"B","Mañana",656,1
1275,5,"A","Mañana",637,1
1276,15,"B","Mañana",481,1
1277,7,"B","Noche",994,1
1278,5,"C","Noche",280,1
1279,6,"A","Mañana",809,1
1280,15,"B","Noche",78,1
1281,13,"B","Mañana",228,1
1282,9,"A","Mañana",268,1
1283,12,"A","Tarde",507,1
1284,9,"A","Noche",343,1
1285,12,"C","Mañana",229,1
1286,9,"B","Noche",477,1
1287,12,"A","Tarde",519,1
1288,8,"C","Mañana",213,1
1289,7,"C","Noche",448,1
1290,13,"C","Noche",393,1
1291,7,"A","Noche",103,1
1292,13,"C","Tarde",283,1
1293,14,"B","Tarde",300,1
1294,6,"B","Noche",386,1
1295,15,"A","Noche",81,1
1296,13,"A","Noche",213,1
1297,9,"B","Mañana",166,1
1298,8,"B","Noche",635,1
1299,6,"C","Mañana",190,0
1300,9,"A","Tarde",225,1
1301,10,"A","Tarde",99,1
1302,12,"B","Noche",277,1
1303,9,"C","Noche",488,1
1304,15,"C","Mañana",106,1
1305,13,"B","Noche",346,1
1306,13,"B","Mañana",165,1
1307,9,"B","Tarde",148,1
1308,13,"C","Noche",187,1
1309,5,"C","Mañana",618,1
1310,7,"A","Tarde",428,1
1311,14,"B","Mañana",378,1
1312,12,"C","Mañana",297,0
1313,7,"B","Tarde",182,1
1314,9,"C","Tarde",207,1
1315,10,"C","Tarde",150,1
1316,9,"A","Noche",475,1
1317,13,"C","Noche",379,1
1318,6,"A","Noche",256,1
1319,8,"B","Mañana",603,1
1320,11,"B","Mañana",87,1
1321,7,"A","Mañana",722,0
1322,7,"A","Tarde",652,1
1323,5,"A","Mañana",281,0
1324,9,"C","Noche",258,1
1325,10,"C","Mañana",121,1
1326,9,"B","Noche",631,1
1327,10,"B","Tarde",702,1
1328,14,"B","Noche",78,1
1329,15,"C","Mañana",292,1
1330,12,"B","Noche",206,1
1331,14,"C","Tarde",607,0
1332,8,"C","Tarde",287,1
1333,7,"C","Noche",468,1
1334,6,"A","Tarde",656,1
1335,5,"A","Tarde",490,1
1336,5,"B","Mañana",713,1
1337,10,"A","Noche",366,1
1338,11,"B","Tarde",186,1
1339,14,"B","Tarde",268,1
1340,11,"B","Tarde",460,1
1341,5,"A","Tarde",737,1
1342,13,"B","Noche",357,1
1343,7,"C","Tarde",274,1
1344,13,"C","Mañana",419,1
1345,11,"C","Noche",403,0
1346,6,"C","Noche",440,0
1347,14,"C","Tarde",158,1
1348,7,"C","Tarde",866,1
1349,8,"C","Tarde",326,1
1350,5,"B","Noche",520,1
1351,13,"B","Tarde",642,1
1352,9,"C","Tarde",403,1
1353,8,"B","Mañana",423,1
1354,11,"A","Noche",459,1
1355,5,"A","Noche",469,1
1356,13,"B","Mañana",248,1
1357,5,"B","Tarde",215,1
1358,10,"B","Tarde",403,1
1359,5,"A","Tarde",386,1
1360,11,"C","Tarde",529,0
1361,15,"A","Noche",229,1
1362,13,"C","Mañana",485,1
1363,5,"A","Mañana",329,1
1364,11,"A","Tarde",262,1
1365,9,"A","Mañana",228,1
1366,7,"B","Noche",113,1
1367,14,"A","Tarde",879,1
1368,10,"A","Tarde",287,0
1369,6,"B","Tarde",593,1
1370,14,"B","Tarde",168,1
1371,8,"B","Mañana",426,1
1372,9,"C","Mañana",369,1
1373,11,"B","Mañana",236,1
1374,9,"C","Mañana",471,1
1375,14,"B","Tarde",259,1
1376,9,"B","Tarde",704,1
1377,15,"B","Tarde",76,1
1378,14,"C","Noche",47,0
1379,12,"C","Noche",246,1
1380,14,"C","Tarde",545,1
1381,7,"C","Mañana",276,1
1382,10,"A","Mañana",417,1
1383,5,"A","Mañana",87,1
1384,14,"C","Tarde",425,1
1385,13,"A","Noche",216,1
1386,15,"C","Tarde",504,1
1387,6,"A","Tarde",472,1
1388,11,"C","Mañana",351,1
1389,11,"A","Noche",512,1
1390,12,"B","Noche",106,1
1391,14,"B","Noche",291,1
1392,14,"C","Tarde",375,1
1393,6,"C","Noche",384,1
1394,7,"A","Noche",74,1
1395,8,"B","Mañana",515,1
1396,7,"B","Noche",176,1
1397,13,"A","Mañana",107,1
1398,14,"C","Noche",83,1
1399,15,"C","Noche",140,1
1400,6,"C","Mañana",185,0
1401,6,"B","Noche",485,1
1402,7,"C","Tarde",32,1
1403,8,"C","Mañana",365,1
1404,9,"B","Tarde",567,1
1405,8,"C","Noche",197,1
1406,10,"B","Noche",195,1
1407,13,"B","Noche",667,0
1408,11,"A","Tarde",394,1
1409,7,"B","Mañana",347,1
1410,11,"B","Tarde",222,1
1411,11,"B","Mañana",116,1
1412,12,"B","Mañana",516,0
1413,13,"C","Mañana",162,1
1414,10,"A","Noche",203,1
1415,7,"B","Tarde",92,1
1416,7,"C","Mañana",577,1
1417,14,"C","Tarde",113,1
1418,9,"B","Tarde",632,1
1419,11,"B","Tarde",343,1
1420,13,"A","Mañana",566,1
1421,9,"C","Tarde",58,1
1422,7,"A","Tarde",351,1
1423,11,"B","Noche",357,1
1424,15,"A","Mañana",312,1
1425,11,"A","Noche",539,1
1426,6,"B","Mañana",556,1
1427,8,"A","Tarde",541,1
1428,15,"A","Mañana",346,1
1429,9,"A","Noche",309,1
1430,7,"B","Tarde",458,1
1431,7,"C","Tarde",167,1
1432,10,"A","Mañana",333,1
1433,11,"C","Noche",140,1
1434,12,"A","Tarde",471,1
1435,15,"A","Tarde",242,1
1436,14,"C","Noche",68,1
1437,13,"B","Mañana",150,1
1438,13,"A","Mañana",265,1
1439,11,"A","Tarde",436,1
1440,9,"B","Tarde",199,1
1441,11,"C","Tarde",271,0
1442,5,"A","Tarde",388,1
1443,11,"A","Noche",284,0
1444,11,"B","Mañana",127,1
1445,14,"C","Mañana",410,1
1446,14,"A","Mañana",18,1
1447,6,"B","Mañana",1000,1
1448,14,"C","Mañana",104,1
1449,9,"B","Mañana",757,0
1450,10,"A","Noche",261,1
1451,5,"A","Mañana",359,1
1452,5,"A","Tarde",591,1
1453,10,"B","Noche",124,1
1454,8,"C","Tarde",380,0
1455,5,"A","Noche",215,1
1456,10,"B","Mañana",491,0
1457,6,"B","Tarde",282,1
1458,11,"A","Tarde",387,1
1459,11,"B","Noche",223,1
1460,10,"B","Noche",239,1
1461,9,"B","Mañana",627,1
1462,10,"A","Noche",668,1
1463,15,"C","Noche",301,1
1464,5,"A","Tarde",526,0
1465,10,"C","Tarde",366,1
1466,10,"A","Tarde",353,1
1467,7,"B","Tarde",191,1
1468,6,"A","Mañana",128,1
1469,5,"A","Noche",566,1
1470,13,"A","Mañana",531,1
1471,15,"C","Tarde",582,1
1472,14,"A","Mañana",92,1
1473,10,"A","Noche",774,1
1474,7,"C","Noche",476,1
1475,14,"B","Tarde",534,1
1476,15,"B","Mañana",693,1
1477,12,"C","Noche",497,1
1478,10,"A","Mañana",536,1
1479,12,"A","Noche",669,1
1480,13,"B","Tarde",254,1
1481,9,"A","Mañana",161,1
1482,5,"A","Mañana",316,1
1483,6,"B","Noche",441,0
1484,9,"A","Mañana",387,0
1485,7,"B","Mañana",175,1
1486,13,"B","Tarde",413,1
1487,14,"A","Mañana",208,1
1488,10,"C","Mañana",219,1
1489,7,"A","Noche",352,1
1490,15,"A","Noche",183,1
1491,8,"B","Tarde",702,1
1492,9,"C","Noche",361,1
1493,6,"C","Mañana",287,1
1494,12,"A","Tarde",228,1
1495,15,"C","Tarde",625,1
1496,5,"B","Mañana",167,1
1497,7,"A","Tarde",638,1
1498,14,"C","Tarde",224,1
1499,12,"B","Mañana",664,1
1500,7,"B","Noche",150,1
1501,6,"B","Tarde",264,1
1502,6,"A","Noche",331,1
1503,7,"B","Mañana",590,1
1504,6,"C","Mañana",413,1
1505,10,"C","Tarde",222,1
1506,6,"A","Tarde",169,1
1507,8,"B","Noche",481,1
1508,10,"A","Noche",94,1
1509,7,"A","Tarde",582,1
1510,7,"C","Tarde",76,0
1511,10,"C","Tarde",268,1
1512,15,"C","Mañana",643,1
1513,10,"A","Mañana",1000,1
1514,6,"A","Tarde",730,1
1515,7,"B","Mañana",234,1
1516,14,"A","Tarde",430,1
1517,5,"A","Tarde",434,1
1518,6,"C","Tarde",743,0
1519,12,"B","Tarde",226,1
1520,14,"C","Tarde",20,1
1521,7,"B","Tarde",439,1
1522,7,"C","Noche",445,1
1523,8,"A","Mañana",318,0
1524,14,"C","Noche",458,1
1525,10,"B","Noche",593,1
1526,11,"B","Mañana",371,1
1527,13,"B","Tarde",310,1
1528,13,"C","Noche",238,1
1529,6,"C","Mañana",852,1
1530,9,"B","Noche",458,1
1531,13,"B","Tarde",542,1
1532,7,"B","Mañana",270,1
1533,10,"B","Noche",570,1
1534,12,"B","Mañana",594,1
1535,9,"B","Tarde",309,1
1536,9,"A","Tarde",321,1
1537,7,"C","Tarde",427,0
1538,14,"B","Mañana",460,1
1539,14,"C","Noche",243,1
1540,10,"A","Mañana",499,1
1541,7,"A","Tarde",110,0
1542,7,"C","Tarde",511,1
1543,5,"C","Tarde",347,0
1544,7,"A","Mañana",162,1
1545,6,"A","Tarde",79,1
1546,13,"C","Noche",127,1
1547,12,"A","Mañana",210,1
1548,8,"B","Mañana",306,1
1549,14,"B","Tarde",400,0
1550,8,"B","Mañana",663,1
1551,15,"C","Noche",165,1
1552,13,"B","Mañana",584,1
1553,8,"C","Mañana",356,1
1554,14,"B","Tarde",877,1
1555,13,"A","Noche",267,1
1556,8,"A","Tarde",523,1
1557,15,"A","Noche",356,0
1558,14,"B","Noche",366,1
1559,7,"A","Mañana",149,1
1560,6,"A","Tarde",193,1
1561,15,"A","Mañana",738,1
1562,11,"A","Tarde",93,1
1563,7,"A","Noche",47,1
1564,9,"B","Tarde",751,1
1565,7,"A","Noche",185,1
1566,12,"A","Mañana",246,1
1567,5,"C","Tarde",150,1
1568,6,"A","Tarde",279,1
1569,14,"A","Tarde",158,1
1570,14,"B","Tarde",699,0
1571,6,"C","Mañana",264,1
1572,14,"A","Noche",71,0
1573,9,"A","Mañana",324,1
1574,6,"C","Noche",400,1
1575,5,"A","Tarde",416,1
1576,12,"B","Mañana",296,0
1577,10,"A","Tarde",214,1
1578,9,"A","Mañana",511,1
1579,8,"C","Tarde",148,1
1580,7,"B","Mañana",651,1
1581,10,"C","Tarde",467,1
1582,5,"B","Noche",310,1
1583,6,"B","Mañana",759,1
1584,15,"C","Noche",127,1
1585,8,"A","Tarde",374,0
1586,14,"A","Noche",516,1
1587,15,"B","Noche",372,1
1588,6,"A","Noche",77,1
1589,10,"A","Tarde",148,1
1590,9,"C","Tarde",75,1
1591,11,"B","Mañana",632,0
1592,7,"C","Noche",529,1
1593,15,"C","Mañana",72,1
1594,7,"B","Noche",249,1
1595,8,"A","Noche",100,1
1596,7,"A","Mañana",105,1
1597,8,"A","Mañana",594,1
1598,7,"C","Tarde",524,1
1599,12,"C","Noche",104,1
1600,5,"B","Mañana",698,1
1601,10,"A","Noche",301,1
1602,8,"B","Tarde",326,1
1603,10,"B","Tarde",731,0
1604,6,"A","Tarde",573,1
1605,14,"A","Tarde",554,1
1606,9,"B","Tarde",230,1
1607,14,"B","Mañana",649,1
1608,10,"A","Mañana",182,1
1609,9,"C","Mañana",170,1
1610,15,"B","Mañana",579,0
1611,13,"A","Tarde",157,1
1612,10,"A","Noche",67,1
1613,6,"A","Tarde",152,1
1614,13,"C","Mañana",192,1
1615,14,"C","Noche",246,0
1616,7,"C","Tarde",314,1
1617,6,"A","Tarde",693,1
1618,11,"A","Tarde",462,1
1619,13,"B","Mañana",403,1
1620,11,"C","Tarde",334,1
1621,5,"A","Mañana",293,1
1622,9,"A","Noche",86,1
1623,5,"C","Mañana",457,1
1624,9,"B","Noche",288,1
1625,10,"B","Mañana",73,1
1626,8,"C","Tarde",277,1
1627,13,"C","Noche",498,1
1628,12,"B","Tarde",433,1
1629,6,"A","Tarde",1000,1
1630,6,"A","Noche",465,1
1631,10,"A","Tarde",327,1
1632,9,"A","Noche",222,1
1633,13,"B","Tarde",285,1
1634,10,"C","Mañana",185,1
1635,7,"C","Mañana",158,1
1636,8,"B","Tarde",373,1
1637,7,"A","Mañana",182,1
1638,6,"C","Mañana",333,1
1639,14,"A","Noche",381,1
1640,8,"A","Noche",438,0
1641,14,"B","Noche",403,1
1642,9,"B","Mañana",410,1
1643,15,"A","Noche",435,1
1644,15,"A","Tarde",456,1
1645,14,"B","Noche",251,1
1646,14,"A","Tarde",526,1
1647,5,"B","Tarde",224,1
1648,11,"B","Mañana",260,1
1649,5,"B","Tarde",603,1
1650,6,"B","Noche",297,1
1651,10,"B","Tarde",302,1
1652,6,"A","Noche",178,1
1653,13,"A","Noche",277,1
1654,14,"A","Mañana",602,1
1655,15,"C","Tarde",246,1
1656,6,"A","Noche",79,1
1657,8,"C","Noche",280,1
1658,10,"A","Noche",198,1
1659,6,"C","Noche",166,1
1660,14,"A","Mañana",398,1
1661,12,"A","Noche",135,1
1662,10,"A","Mañana",254,1
1663,9,"A","Tarde",247,1
1664,9,"B","Tarde",249,1
1665,15,"C","Tarde",277,1
1666,8,"A","Noche",162,1
1667,10,"C","Noche",494,1
1668,10,"A","Tarde",378,1
1669,14,"B","Tarde",127,1
1670,11,"C","Mañana",617,1
1671,13,"A","Mañana",265,1
1672,10,"B","Tarde",521,1
1673,10,"C","Tarde",296,1
1674,12,"A","Tarde",490,1
1675,13,"A","Mañana",279,1
1676,11,"C","Noche",121,1
1677,12,"A","Noche",479,1
1678,12,"C","Tarde",403,1
1679,12,"A","Mañana",266,1
1680,5,"C","Noche",101,1
1681,10,"A","Mañana",137,1
1682,5,"A","Noche",232,1
1683,11,"C","Mañana",640,1
1684,13,"C","Noche",338,1
1685,8,"A","Mañana",472,1
1686,5,"A","Noche",404,1
1687,15,"A","Noche",294,1
1688,12,"B","Tarde",394,1
1689,11,"B","Tarde",149,1
1690,5,"C","Tarde",365,1
1691,7,"C","Noche",220,1
1692,7,"B","Tarde",372,1
1693,5,"A","Mañana",550,0
1694,5,"C","Noche",332,1
1695,12,"A","Tarde",280,1
1696,6,"A","Mañana",152,1
1697,15,"A","Noche",251,1
1698,10,"B","Mañana",316,1
1699,15,"C","Tarde",436,1
1700,13,"A","Noche",90,1
1701,6,"B","Mañana",534,1
1702,13,"B","Tarde",543,1
1703,14,"A","Noche",256,0
1704,11,"B","Noche",370,1
1705,6,"B","Mañana",153,1
1706,7,"C","Noche",2,1
1707,5,"A","Mañana",455,1
1708,8,"B","Mañana",255,0
1709,9,"C","Noche",263,1
1710,10,"B","Tarde",684,1
1711,15,"C","Mañana",229,1
1712,13,"B","Mañana",116,1
1713,12,"B","Tarde",451,1
1714,9,"B","Mañana",804,1
1715,9,"B","Noche",448,0
1716,13,"A","Tarde",471,1
1717,10,"A","Mañana",207,1
1718,5,"A","Mañana",579,1
1719,10,"C","Mañana",652,1
1720,14,"C","Noche",466,1
1721,5,"A","Mañana",843,1
1722,10,"C","Tarde",246,1
1723,6,"B","Tarde",751,1
1724,15,"A","Tarde",259,1
1725,12,"C","Noche",53,1
1726,7,"A","Tarde",547,1
1727,13,"B","Mañana",439,1
1728,7,"A","Noche",354,1
1729,12,"B","Mañana",373,1
1730,9,"C","Noche",95,1
1731,13,"A","Mañana",132,0
1732,6,"B","Noche",342,0
1733,14,"B","Tarde",354,1
1734,8,"C","Mañana",293,1
1735,14,"C","Noche",216,1
1736,14,"B","Mañana",711,1
1737,5,"A","Noche",38,1
1738,6,"B","Tarde",267,0
1739,7,"C","Noche",132,1
1740,7,"C","Mañana",239,1
1741,15,"B","Mañana",149,1
1742,5,"A","Tarde",148,1
1743,10,"B","Noche",335,1
1744,13,"C","Tarde",215,1
1745,12,"C","Mañana",285,1
1746,13,"C","Tarde",260,1
1747,15,"B","Noche",506,1
1748,13,"A","Tarde",34,1
1749,7,"C","Tarde",231,1
1750,13,"B","Noche",521,1
1751,5,"A","Tarde",353,1
1752,11,"A","Mañana",170,1
1753,9,"B","Tarde",543,0
1754,6,"A","Mañana",75,1
1755,6,"C","Mañana",420,1
1756,8,"B","Noche",209,0
1757,12,"A","Noche",248,1
1758,7,"C","Tarde",611,1
1759,6,"C","Mañana",194,1
1760,13,"C","Noche",260,1
1761,7,"C","Mañana",154,1
1762,15,"A","Tarde",219,1
1763,12,"C","Mañana",62,1
1764,10,"B","Noche",394,1
1765,14,"B","Noche",350,1
1766,12,"A","Noche",579,1
1767,13,"B","Tarde",207,1
1768,12,"C","Tarde",166,1
1769,15,"A","Mañana",493,1
1770,8,"A","Mañana",871,1
1771,5,"C","Noche",162,1
1772,11,"C","Tarde",631,1
1773,5,"C","Tarde",335,1
1774,10,"B","Mañana",170,1
1775,8,"B","Noche",699,1
1776,8,"C","Noche",149,1
1777,8,"B","Tarde",311,1
1778,13,"C","Mañana",536,1
1779,10,"A","Mañana",254,0
1780,14,"C","Tarde",620,1
1781,12,"B","Noche",125,1
1782,11,"C","Tarde",247,1
1783,9,"C","Noche",327,1
1784,15,"C","Noche",258,1
1785,7,"B","Mañana",345,1
1786,7,"C","Mañana",587,1
1787,9,"A","Mañana",612,1
1788,11,"C","Noche",242,1
1789,11,"A","Mañana",483,1
1790,8,"A","Noche",176,1
1791,15,"C","Tarde",380,1
1792,10,"A","Noche",210,1
1793,12,"A","Tarde",152,1
1794,15,"A","Noche",332,1
1795,5,"C","Tarde",430,1
1796,14,"C","Tarde",255,1
1797,11,"C","Tarde",194,0
1798,9,"B","Tarde",462,1
1799,8,"A","Tarde",494,1
1800,14,"B","Noche",270,1
1801,8,"B","Mañana",168,1
1802,10,"A","Noche",117,1
1803,14,"C","Mañana",347,0
1804,14,"B","Mañana",353,1
1805,6,"B","Tarde",195,1
1806,6,"B","Mañana",320,1
1807,15,"B","Tarde",244,1
1808,11,"C","Mañana",456,0
1809,13,"C","Mañana",194,1
1810,13,"A","Tarde",82,1
1811,10,"A","Noche",594,1
1812,12,"C","Tarde",198,1
1813,5,"B","Tarde",192,1
1814,11,"A","Mañana",241,1
1815,8,"A","Tarde",322,1
1816,9,"B","Mañana",636,1
1817,5,"A","Tarde",90,1
1818,8,"C","Tarde",544,1
1819,11,"A","Noche",232,1
1820,10,"B","Noche",407,1
1821,9,"B","Tarde",1000,1
1822,7,"C","Mañana",92,1
1823,11,"C","Mañana",128,1
1824,14,"C","Mañana",642,1
1825,13,"A","Noche",383,1
1826,9,"A","Mañana",327,1
1827,8,"C","Mañana",290,1
1828,7,"A","Tarde",255,1
1829,8,"A","Tarde",466,1
1830,6,"A","Tarde",107,1
1831,7,"B","Mañana",403,1
1832,5,"A","Noche",226,1
1833,8,"A","Noche",557,1
1834,5,"B","Tarde",221,1
1835,13,"A","Tarde",500,1
1836,12,"B","Tarde",467,1
1837,7,"B","Mañana",403,1
1838,9,"B","Tarde",165,1
1839,5,"A","Tarde",241,1
1840,14,"B","Mañana",815,1
1841,11,"A","Noche",358,1
1842,13,"A","Noche",134,1
1843,15,"C","Tarde",538,1
1844,11,"C","Tarde",217,1
1845,15,"A","Noche",226,1
1846,13,"A","Mañana",312,0
1847,5,"C","Noche",361,1
1848,6,"A","Noche",252,1
1849,7,"B","Tarde",277,1
1850,5,"A","Noche",93,1
1851,13,"A","Tarde",66,1
1852,11,"B","Noche",400,1
1853,7,"B","Mañana",323,1
1854,8,"B","Mañana",306,1
1855,11,"A","Noche",202,1
1856,9,"C","Noche",98,0
1857,7,"A","Tarde",72,1
1858,15,"C","Noche",339,1
1859,8,"A","Mañana",188,1
1860,9,"A","Tarde",136,1
1861,9,"A","Noche",330,1
1862,8,"C","Mañana",119,1
1863,7,"B","Noche",606,1
1864,9,"C","Noche",81,0
1865,11,"A","Tarde",269,1
1866,5,"B","Mañana",395,1
1867,10,"A","Mañana",420,1
1868,12,"C","Tarde",185,1
1869,14,"B","Noche",363,1
1870,9,"B","Tarde",260,1
1871,15,"B","Noche",315,1
1872,10,"A","Noche",235,1
1873,6,"B","Tarde",305,1
1874,15,"B","Tarde",429,1
1875,6,"C","Noche",220,1
1876,14,"A","Noche",322,1
1877,6,"C","Tarde",559,1
1878,7,"B","Tarde",296,1
1879,7,"C","Mañana",58,1
1880,11,"A","Noche",306,1
1881,15,"A","Mañana",321,1
1882,12,"B","Tarde",297,1
1883,13,"B","Mañana",147,1
1884,11,"B","Noche",822,1
1885,11,"C","Noche",134,1
1886,13,"B","Noche",209,1
1887,5,"B","Tarde",428,1
1888,8,"B","Tarde",122,1
1889,5,"C","Noche",859,1
1890,13,"C","Noche",716,1
1891,9,"C","Tarde",584,1
1892,8,"A","Mañana",327,0
1893,6,"A","Tarde",276,1
1894,11,"A","Mañana",208,1
1895,14,"C","Mañana",463,1
1896,5,"A","Tarde",296,1
1897,13,"A","Tarde",400,1
1898,13,"C","Noche",341,1
1899,14,"B","Noche",262,0
1900,15,"A","Tarde",245,1
1901,9,"C","Noche",416,1
1902,10,"A","Tarde",641,1
1903,9,"B","Noche",198,1
1904,15,"B","Mañana",549,1
1905,11,"B","Tarde",585,1
1906,12,"A","Mañana",724,1
1907,15,"B","Tarde",413,1
1908,10,"A","Noche",384,1
1909,10,"A","Noche",278,1
1910,14,"A","Mañana",321,1
1911,11,"A","Tarde",298,1
1912,7,"B","Noche",344,1
1913,14,"C","Mañana",205,1
1914,10,"A","Noche",472,1
1915,10,"B","Noche",538,1
1916,11,"A","Mañana",874,1
1917,5,"A","Mañana",268,1
1918,9,"B","Mañana",91,1
1919,12,"C","Tarde",185,1
1920,13,"A","Tarde",292,1
1921,13,"C","Noche",115,1
1922,8,"B","Mañana",89,1
1923,11,"B","Tarde",537,0
1924,8,"C","Noche",333,1
1925,9,"A","Tarde",469,1
1926,15,"A","Noche",411,1
1927,14,"B","Noche",288,1
1928,6,"A","Noche",422,1
1929,13,"B","Noche",655,1
1930,9,"A","Mañana",190,1
1931,7,"A","Mañana",757,1
1932,12,"C","Tarde",368,1
1933,14,"B","Mañana",423,1
1934,7,"C","Noche",327,1
1935,15,"B","Mañana",296,1
1936,11,"B","Tarde",269,1
1937,14,"A","Mañana",400,1
1938,14,"B","Noche",297,1
1939,6,"A","Mañana",262,1
1940,11,"C","Mañana",163,1
1941,9,"B","Mañana",746,1
1942,7,"B","Tarde",693,1
1943,12,"C","Noche",262,1
1944,12,"A","Mañana",248,1
1945,8,"C","Tarde",857,1
1946,10,"C","Tarde",227,1
1947,6,"C","Mañana",256,1
1948,9,"B","Noche",322,1
1949,15,"A","Noche",369,1
1950,10,"B","Noche",185,1
1951,5,"B","Mañana",533,1
1952,13,"B","Mañana",877,1
1953,15,"A","Noche",273,1
1954,5,"C","Tarde",375,0
1955,12,"C","Tarde",489,1
1956,11,"B","Mañana",579,1
1957,10,"B","Noche",278,1
1958,10,"C","Noche",393,1
1959,9,"A","Tarde",60,1
1960,11,"A","Mañana",420,1
1961,7,"C","Noche",191,1
1962,9,"A","Tarde",484,1
1963,5,"A","Tarde",225,1
1964,6,"A","Tarde",593,0
1965,15,"B","Noche",371,0
1966,13,"C","Tarde",314,0
1967,8,"C","Noche",567,1
1968,10,"C","Mañana",430,1
1969,15,"B","Tarde",229,1
1970,12,"C","Noche",342,1
1971,7,"B","Tarde",327,1
1972,10,"B","Noche",501,1
1973,7,"C","Tarde",448,1
1974,7,"C","Mañana",511,1
1975,14,"B","Mañana",471,1
1976,5,"B","Mañana",945,1
1977,9,"B","Mañana",600,1
1978,7,"C","Noche",119,0
1979,6,"C","Mañana",59,1
1980,13,"B","Noche",216,1
1981,12,"B","Tarde",474,1
1982,8,"A","Mañana",710,0
1983,5,"B","Noche",413,1
1984,11,"B","Tarde",213,1
1985,7,"A","Tarde",392,1
1986,5,"A","Mañana",594,1
1987,15,"B","Tarde",439,1
1988,9,"A","Mañana",366,0
1989,5,"A","Noche",332,1
1990,15,"B","Noche",195,1
1991,11,"A","Mañana",400,0
1992,13,"B","Tarde",218,1
1993,7,"C","Noche",623,1
1994,8,"C","Mañana",555,1
1995,15,"C","Mañana",263,1
1996,11,"A","Mañana",398,1
1997,5,"C","Noche",427,1
1998,13,"C","Tarde",412,1
1999,14,"C","Tarde",153,1
2000,12,"B","Noche",507,1
